{
  "model_name": "logreg_balanced",
  "threshold": 0.6100000000000001,
  "test": {
    "roc_auc": 0.841631145211708,
    "pr_auc": 0.6327988430671796,
    "precision": 0.5458333333333333,
    "recall": 0.7005347593582888,
    "f1": 0.613583138173302,
    "confusion_matrix": [
      [
        817,
        218
      ],
      [
        112,
        262
      ]
    ]
  }
}